{"names": ["asdasdsasd", "a longer set", "qwertz-set", "Unit 25 Geography", "Unit 25 Climate and Weather", "Testset f\u00fcr S\u00e4tze", "vouloir", "vouloir umgekehrt", "asd"], "lastAccessed": {"test_": 1664175860.5048795, "vouloir umgekehrt": 1667399346.3781989, "Testset f\u00fcr S\u00e4tze": 1667400190.5891285, "Unit 25 Climate and Weather": 1667749345.9761403, "Unit 25 Geography": 1667749380.289527, "vouloir": 1667118923.7462828, "asd": 1664892366.0147262, "asdasdsasd": 1664891123.7423186, "is it working": 1664802801.582638, "test3": 1667118942.7837417, "qwertz-set": 1667040950.36606, "is it working 2": 1667312388.1397495, "test": 1667118946.398549, "a longer set": 1667399335.1705718, "testifitstillworks": 1666960014.7248573}}